{
  "Problem": 0.15000000596046448,
  "Suggestion": 0.10000000149011612,
  "Neutral": 0.10000000149011612,
  "Appreciation": 0.550000011920929
}